-- phpMyAdmin SQL Dump
-- version 5.2.1
-- https://www.phpmyadmin.net/
--
-- Host: localhost
-- Generation Time: Feb 26, 2024 at 10:08 AM
-- Server version: 10.3.39-MariaDB-0ubuntu0.20.04.2
-- PHP Version: 7.4.33

SET SQL_MODE = "NO_AUTO_VALUE_ON_ZERO";
START TRANSACTION;
SET time_zone = "+00:00";


/*!40101 SET @OLD_CHARACTER_SET_CLIENT=@@CHARACTER_SET_CLIENT */;
/*!40101 SET @OLD_CHARACTER_SET_RESULTS=@@CHARACTER_SET_RESULTS */;
/*!40101 SET @OLD_COLLATION_CONNECTION=@@COLLATION_CONNECTION */;
/*!40101 SET NAMES utf8mb4 */;

--
-- Database: `digitallibrary`
--
CREATE DATABASE IF NOT EXISTS `digitallibrary` DEFAULT CHARACTER SET utf8mb4 COLLATE utf8mb4_general_ci;
USE `digitallibrary`;

-- --------------------------------------------------------

--
-- Table structure for table `buku`
--

CREATE TABLE `buku` (
  `BukuID` int(11) NOT NULL,
  `Judul` varchar(255) NOT NULL,
  `Penulis` varchar(255) NOT NULL,
  `Penerbit` varchar(255) NOT NULL,
  `TahunTerbit` int(11) NOT NULL,
  `Stok` int(11) NOT NULL
) ENGINE=InnoDB DEFAULT CHARSET=utf8mb4 COLLATE=utf8mb4_general_ci;

--
-- Dumping data for table `buku`
--

INSERT INTO `buku` (`BukuID`, `Judul`, `Penulis`, `Penerbit`, `TahunTerbit`, `Stok`) VALUES
(6, 'Sahabat', 'Gramedia', 'Gramedia', 2009, 19),
(10, 'sikancil', 'Gramedia', 'Gramedia', 2009, 5),
(13, 'ips', 'gramedia', 'gramedia', 2009, 23),
(14, 'ips', 'gramedia', 'gramedia', 2009, 2);

-- --------------------------------------------------------

--
-- Table structure for table `kategoribuku`
--

CREATE TABLE `kategoribuku` (
  `KategoriID` int(11) NOT NULL,
  `NamaKategori` varchar(255) NOT NULL
) ENGINE=InnoDB DEFAULT CHARSET=utf8mb4 COLLATE=utf8mb4_general_ci;

--
-- Dumping data for table `kategoribuku`
--

INSERT INTO `kategoribuku` (`KategoriID`, `NamaKategori`) VALUES
(2, 'Novel1'),
(3, 'cerita sejarah'),
(11, 'komik'),
(13, 'horror'),
(14, 'komik'),
(15, 'abc');

-- --------------------------------------------------------

--
-- Table structure for table `kategoribuku_relasi`
--

CREATE TABLE `kategoribuku_relasi` (
  `KategoriBukuID` int(11) NOT NULL,
  `BukuID` int(11) NOT NULL,
  `KategoriID` int(11) NOT NULL
) ENGINE=InnoDB DEFAULT CHARSET=utf8mb4 COLLATE=utf8mb4_general_ci;

--
-- Dumping data for table `kategoribuku_relasi`
--

INSERT INTO `kategoribuku_relasi` (`KategoriBukuID`, `BukuID`, `KategoriID`) VALUES
(1, 3, 2),
(2, 2, 2),
(3, 4, 4),
(4, 5, 2),
(8, 6, 2),
(9, 10, 3);

-- --------------------------------------------------------

--
-- Table structure for table `koleksipribadi`
--

CREATE TABLE `koleksipribadi` (
  `KoleksiID` int(11) NOT NULL,
  `UserID` int(11) NOT NULL,
  `BukuID` int(11) NOT NULL
) ENGINE=InnoDB DEFAULT CHARSET=utf8mb4 COLLATE=utf8mb4_general_ci;

-- --------------------------------------------------------

--
-- Table structure for table `peminjaman`
--

CREATE TABLE `peminjaman` (
  `PeminjamanID` int(11) NOT NULL,
  `UserID` int(11) NOT NULL,
  `BukuID` int(11) NOT NULL,
  `TanggalPeminjaman` date NOT NULL,
  `TanggalPengembalian` date NOT NULL,
  `StatusPeminjaman` varchar(50) NOT NULL
) ENGINE=InnoDB DEFAULT CHARSET=utf8mb4 COLLATE=utf8mb4_general_ci;

--
-- Dumping data for table `peminjaman`
--

INSERT INTO `peminjaman` (`PeminjamanID`, `UserID`, `BukuID`, `TanggalPeminjaman`, `TanggalPengembalian`, `StatusPeminjaman`) VALUES
(5, 20, 4, '2024-02-24', '2024-02-25', '1'),
(6, 20, 4, '2024-02-24', '2024-02-25', '2'),
(8, 20, 6, '2024-02-24', '2024-02-25', '2'),
(9, 15, 4, '2024-02-24', '2024-02-25', '1'),
(10, 15, 6, '2024-02-24', '2024-02-26', '1'),
(11, 15, 4, '2024-02-24', '2024-02-24', '1'),
(13, 20, 10, '2024-02-26', '2024-02-27', '1');

--
-- Triggers `peminjaman`
--
DELIMITER $$
CREATE TRIGGER `Pengurangan Stok` AFTER INSERT ON `peminjaman` FOR EACH ROW BEGIN
 UPDATE buku SET Stok=Stok-1 WHERE BukuID=NEW.BukuID;
 END
$$
DELIMITER ;
DELIMITER $$
CREATE TRIGGER `penambahan` AFTER UPDATE ON `peminjaman` FOR EACH ROW BEGIN
 UPDATE buku SET Stok=Stok+1 WHERE BukuID=NEW.BukuID;
 END
$$
DELIMITER ;

-- --------------------------------------------------------

--
-- Table structure for table `ulasanbuku`
--

CREATE TABLE `ulasanbuku` (
  `UlasanID` int(11) NOT NULL,
  `UserID` int(11) NOT NULL,
  `BukuID` int(11) NOT NULL,
  `Ulasan` text NOT NULL,
  `Rating` int(11) NOT NULL
) ENGINE=InnoDB DEFAULT CHARSET=utf8mb4 COLLATE=utf8mb4_general_ci;

--
-- Dumping data for table `ulasanbuku`
--

INSERT INTO `ulasanbuku` (`UlasanID`, `UserID`, `BukuID`, `Ulasan`, `Rating`) VALUES
(1, 20, 6, 'bagusss', 1),
(2, 20, 4, 'bagus', 1),
(4, 20, 10, 'bagus', 1);

-- --------------------------------------------------------

--
-- Table structure for table `user`
--

CREATE TABLE `user` (
  `UserID` int(11) NOT NULL,
  `Username` varchar(255) NOT NULL,
  `Password` varchar(255) NOT NULL,
  `Email` varchar(255) NOT NULL,
  `NamaLengkap` varchar(255) NOT NULL,
  `Alamat` text NOT NULL,
  `Level` int(11) NOT NULL
) ENGINE=InnoDB DEFAULT CHARSET=utf8mb4 COLLATE=utf8mb4_general_ci;

--
-- Dumping data for table `user`
--

INSERT INTO `user` (`UserID`, `Username`, `Password`, `Email`, `NamaLengkap`, `Alamat`, `Level`) VALUES
(14, 'fasha', '11b9d49168dc4dbb655d49ca2d89d8c2', 'fasha@gmail.com', 'fasha', '-', 3),
(15, 'admin', '21232f297a57a5a743894a0e4a801fc3', 'admin@gmail.com', 'admin', '-', 1),
(20, 'peminjam', '55f3894bc5fc71fead8412d321c2952c', 'peminjam@gmail.com', 'peminjam', '-', 3),
(32, 'petugas', 'afb91ef692fd08c445e8cb1bab2ccf9c', 'petugas@gmail.com', 'petugas', '-', 2);

--
-- Indexes for dumped tables
--

--
-- Indexes for table `buku`
--
ALTER TABLE `buku`
  ADD PRIMARY KEY (`BukuID`);

--
-- Indexes for table `kategoribuku`
--
ALTER TABLE `kategoribuku`
  ADD PRIMARY KEY (`KategoriID`),
  ADD KEY `KategoriID` (`KategoriID`);

--
-- Indexes for table `kategoribuku_relasi`
--
ALTER TABLE `kategoribuku_relasi`
  ADD PRIMARY KEY (`KategoriBukuID`),
  ADD KEY `KategoriID` (`KategoriID`),
  ADD KEY `BukuID` (`BukuID`),
  ADD KEY `KategoriID_2` (`KategoriID`);

--
-- Indexes for table `koleksipribadi`
--
ALTER TABLE `koleksipribadi`
  ADD PRIMARY KEY (`KoleksiID`),
  ADD KEY `UserID` (`UserID`),
  ADD KEY `UserID_2` (`UserID`),
  ADD KEY `BukuID` (`BukuID`);

--
-- Indexes for table `peminjaman`
--
ALTER TABLE `peminjaman`
  ADD PRIMARY KEY (`PeminjamanID`),
  ADD KEY `UserID` (`UserID`),
  ADD KEY `UserID_2` (`UserID`),
  ADD KEY `BukuID` (`BukuID`);

--
-- Indexes for table `ulasanbuku`
--
ALTER TABLE `ulasanbuku`
  ADD PRIMARY KEY (`UlasanID`),
  ADD KEY `UserID` (`UserID`),
  ADD KEY `BukuID` (`BukuID`);

--
-- Indexes for table `user`
--
ALTER TABLE `user`
  ADD PRIMARY KEY (`UserID`);

--
-- AUTO_INCREMENT for dumped tables
--

--
-- AUTO_INCREMENT for table `buku`
--
ALTER TABLE `buku`
  MODIFY `BukuID` int(11) NOT NULL AUTO_INCREMENT, AUTO_INCREMENT=15;

--
-- AUTO_INCREMENT for table `kategoribuku`
--
ALTER TABLE `kategoribuku`
  MODIFY `KategoriID` int(11) NOT NULL AUTO_INCREMENT, AUTO_INCREMENT=16;

--
-- AUTO_INCREMENT for table `kategoribuku_relasi`
--
ALTER TABLE `kategoribuku_relasi`
  MODIFY `KategoriBukuID` int(11) NOT NULL AUTO_INCREMENT, AUTO_INCREMENT=10;

--
-- AUTO_INCREMENT for table `koleksipribadi`
--
ALTER TABLE `koleksipribadi`
  MODIFY `KoleksiID` int(11) NOT NULL AUTO_INCREMENT;

--
-- AUTO_INCREMENT for table `peminjaman`
--
ALTER TABLE `peminjaman`
  MODIFY `PeminjamanID` int(11) NOT NULL AUTO_INCREMENT, AUTO_INCREMENT=14;

--
-- AUTO_INCREMENT for table `ulasanbuku`
--
ALTER TABLE `ulasanbuku`
  MODIFY `UlasanID` int(11) NOT NULL AUTO_INCREMENT, AUTO_INCREMENT=5;

--
-- AUTO_INCREMENT for table `user`
--
ALTER TABLE `user`
  MODIFY `UserID` int(11) NOT NULL AUTO_INCREMENT, AUTO_INCREMENT=33;
--
-- Database: `phpgallery`
--
CREATE DATABASE IF NOT EXISTS `phpgallery` DEFAULT CHARACTER SET utf8mb4 COLLATE utf8mb4_general_ci;
USE `phpgallery`;

-- --------------------------------------------------------

--
-- Table structure for table `images`
--

CREATE TABLE `images` (
  `id` int(11) NOT NULL,
  `title` text NOT NULL,
  `description` text NOT NULL,
  `filepath` text NOT NULL,
  `uploaded_date` datetime NOT NULL DEFAULT current_timestamp()
) ENGINE=InnoDB DEFAULT CHARSET=utf8 COLLATE=utf8_general_ci;

--
-- Dumping data for table `images`
--

INSERT INTO `images` (`id`, `title`, `description`, `filepath`, `uploaded_date`) VALUES
(2, 'Beach', 'Hot summer day at the beach.', 'images/beach.jpg', '2019-07-16 20:10:05'),
(3, 'City', 'A view down at the city.', 'images/city.jpg', '2019-07-16 20:10:45'),
(4, 'Mountain', '', 'images/mountain.jpg', '2019-07-16 20:11:27'),
(5, 'Road', 'Going down the only road I\'ve even known.', 'images/road.jpg', '2019-07-16 20:12:00'),
(6, 'Stars', 'A wonderful view of the night sky.', 'images/stars.jpg', '2019-07-16 20:12:39'),
(7, 'Aurora', 'Beautifull Rainbow in the night ', 'images/pexels-stein-egil-liland-1933239.jpg', '2024-01-16 06:44:50'),
(8, 'Sunset', 'Sunset in the garden', 'images/pexels-bella-white-635279 (1).jpg', '2024-01-16 07:08:46'),
(9, 'view', 'great city views', 'images/pexels-nextvoyage-457937.jpg', '2024-01-16 07:17:59'),
(10, 'view', '\r\ncool river views', 'images/pexels-avery-nielsenwebb-2406395.jpg', '2024-01-16 07:22:38'),
(11, 'view', 'beautiful city view at night', 'images/pexels-jimmy-liao-5649038.jpg', '2024-01-16 07:25:36');

--
-- Indexes for dumped tables
--

--
-- Indexes for table `images`
--
ALTER TABLE `images`
  ADD PRIMARY KEY (`id`);

--
-- AUTO_INCREMENT for dumped tables
--

--
-- AUTO_INCREMENT for table `images`
--
ALTER TABLE `images`
  MODIFY `id` int(11) NOT NULL AUTO_INCREMENT, AUTO_INCREMENT=12;
--
-- Database: `phpmyadmin`
--
CREATE DATABASE IF NOT EXISTS `phpmyadmin` DEFAULT CHARACTER SET utf8mb4 COLLATE utf8mb4_general_ci;
USE `phpmyadmin`;

-- --------------------------------------------------------

--
-- Table structure for table `pma__bookmark`
--

CREATE TABLE `pma__bookmark` (
  `id` int(10) UNSIGNED NOT NULL,
  `dbase` varchar(255) NOT NULL DEFAULT '',
  `user` varchar(255) NOT NULL DEFAULT '',
  `label` varchar(255) CHARACTER SET utf8 COLLATE utf8_general_ci NOT NULL DEFAULT '',
  `query` text NOT NULL
) ENGINE=InnoDB DEFAULT CHARSET=utf8 COLLATE=utf8_bin COMMENT='Bookmarks';

-- --------------------------------------------------------

--
-- Table structure for table `pma__central_columns`
--

CREATE TABLE `pma__central_columns` (
  `db_name` varchar(64) NOT NULL,
  `col_name` varchar(64) NOT NULL,
  `col_type` varchar(64) NOT NULL,
  `col_length` text DEFAULT NULL,
  `col_collation` varchar(64) NOT NULL,
  `col_isNull` tinyint(1) NOT NULL,
  `col_extra` varchar(255) DEFAULT '',
  `col_default` text DEFAULT NULL
) ENGINE=InnoDB DEFAULT CHARSET=utf8 COLLATE=utf8_bin COMMENT='Central list of columns';

-- --------------------------------------------------------

--
-- Table structure for table `pma__column_info`
--

CREATE TABLE `pma__column_info` (
  `id` int(5) UNSIGNED NOT NULL,
  `db_name` varchar(64) NOT NULL DEFAULT '',
  `table_name` varchar(64) NOT NULL DEFAULT '',
  `column_name` varchar(64) NOT NULL DEFAULT '',
  `comment` varchar(255) CHARACTER SET utf8 COLLATE utf8_general_ci NOT NULL DEFAULT '',
  `mimetype` varchar(255) CHARACTER SET utf8 COLLATE utf8_general_ci NOT NULL DEFAULT '',
  `transformation` varchar(255) NOT NULL DEFAULT '',
  `transformation_options` varchar(255) NOT NULL DEFAULT '',
  `input_transformation` varchar(255) NOT NULL DEFAULT '',
  `input_transformation_options` varchar(255) NOT NULL DEFAULT ''
) ENGINE=InnoDB DEFAULT CHARSET=utf8 COLLATE=utf8_bin COMMENT='Column information for phpMyAdmin';

-- --------------------------------------------------------

--
-- Table structure for table `pma__designer_settings`
--

CREATE TABLE `pma__designer_settings` (
  `username` varchar(64) NOT NULL,
  `settings_data` text NOT NULL
) ENGINE=InnoDB DEFAULT CHARSET=utf8 COLLATE=utf8_bin COMMENT='Settings related to Designer';

--
-- Dumping data for table `pma__designer_settings`
--

INSERT INTO `pma__designer_settings` (`username`, `settings_data`) VALUES
('fasha', '{\"angular_direct\":\"direct\",\"snap_to_grid\":\"off\",\"relation_lines\":\"true\",\"full_screen\":\"off\"}');

-- --------------------------------------------------------

--
-- Table structure for table `pma__export_templates`
--

CREATE TABLE `pma__export_templates` (
  `id` int(5) UNSIGNED NOT NULL,
  `username` varchar(64) NOT NULL,
  `export_type` varchar(10) NOT NULL,
  `template_name` varchar(64) NOT NULL,
  `template_data` text NOT NULL
) ENGINE=InnoDB DEFAULT CHARSET=utf8 COLLATE=utf8_bin COMMENT='Saved export templates';

-- --------------------------------------------------------

--
-- Table structure for table `pma__favorite`
--

CREATE TABLE `pma__favorite` (
  `username` varchar(64) NOT NULL,
  `tables` text NOT NULL
) ENGINE=InnoDB DEFAULT CHARSET=utf8 COLLATE=utf8_bin COMMENT='Favorite tables';

-- --------------------------------------------------------

--
-- Table structure for table `pma__history`
--

CREATE TABLE `pma__history` (
  `id` bigint(20) UNSIGNED NOT NULL,
  `username` varchar(64) NOT NULL DEFAULT '',
  `db` varchar(64) NOT NULL DEFAULT '',
  `table` varchar(64) NOT NULL DEFAULT '',
  `timevalue` timestamp NOT NULL DEFAULT current_timestamp(),
  `sqlquery` text NOT NULL
) ENGINE=InnoDB DEFAULT CHARSET=utf8 COLLATE=utf8_bin COMMENT='SQL history for phpMyAdmin';

-- --------------------------------------------------------

--
-- Table structure for table `pma__navigationhiding`
--

CREATE TABLE `pma__navigationhiding` (
  `username` varchar(64) NOT NULL,
  `item_name` varchar(64) NOT NULL,
  `item_type` varchar(64) NOT NULL,
  `db_name` varchar(64) NOT NULL,
  `table_name` varchar(64) NOT NULL
) ENGINE=InnoDB DEFAULT CHARSET=utf8 COLLATE=utf8_bin COMMENT='Hidden items of navigation tree';

-- --------------------------------------------------------

--
-- Table structure for table `pma__pdf_pages`
--

CREATE TABLE `pma__pdf_pages` (
  `db_name` varchar(64) NOT NULL DEFAULT '',
  `page_nr` int(10) UNSIGNED NOT NULL,
  `page_descr` varchar(50) CHARACTER SET utf8 COLLATE utf8_general_ci NOT NULL DEFAULT ''
) ENGINE=InnoDB DEFAULT CHARSET=utf8 COLLATE=utf8_bin COMMENT='PDF relation pages for phpMyAdmin';

--
-- Dumping data for table `pma__pdf_pages`
--

INSERT INTO `pma__pdf_pages` (`db_name`, `page_nr`, `page_descr`) VALUES
('digitallibrary', 1, 'relasi_perpus');

-- --------------------------------------------------------

--
-- Table structure for table `pma__recent`
--

CREATE TABLE `pma__recent` (
  `username` varchar(64) NOT NULL,
  `tables` text NOT NULL
) ENGINE=InnoDB DEFAULT CHARSET=utf8 COLLATE=utf8_bin COMMENT='Recently accessed tables';

--
-- Dumping data for table `pma__recent`
--

INSERT INTO `pma__recent` (`username`, `tables`) VALUES
('fasha', '[{\"db\":\"digitallibrary\",\"table\":\"user\"},{\"db\":\"digitallibrary\",\"table\":\"peminjaman\"},{\"db\":\"digitallibrary\",\"table\":\"koleksipribadi\"},{\"db\":\"digitallibrary\",\"table\":\"kategoribuku_relasi\"},{\"db\":\"digitallibrary\",\"table\":\"kategoribuku\"},{\"db\":\"digitallibrary\",\"table\":\"buku\"},{\"db\":\"digitallibrary\",\"table\":\"ulasanbuku\"}]');

-- --------------------------------------------------------

--
-- Table structure for table `pma__relation`
--

CREATE TABLE `pma__relation` (
  `master_db` varchar(64) NOT NULL DEFAULT '',
  `master_table` varchar(64) NOT NULL DEFAULT '',
  `master_field` varchar(64) NOT NULL DEFAULT '',
  `foreign_db` varchar(64) NOT NULL DEFAULT '',
  `foreign_table` varchar(64) NOT NULL DEFAULT '',
  `foreign_field` varchar(64) NOT NULL DEFAULT ''
) ENGINE=InnoDB DEFAULT CHARSET=utf8 COLLATE=utf8_bin COMMENT='Relation table';

--
-- Dumping data for table `pma__relation`
--

INSERT INTO `pma__relation` (`master_db`, `master_table`, `master_field`, `foreign_db`, `foreign_table`, `foreign_field`) VALUES
('digitallibrary', 'kategoribuku_relasi', 'BukuID', 'digitallibrary', 'buku', 'BukuID'),
('digitallibrary', 'kategoribuku_relasi', 'KategoriID', 'digitallibrary', 'kategoribuku', 'KategoriID'),
('digitallibrary', 'koleksipribadi', 'BukuID', 'digitallibrary', 'buku', 'BukuID'),
('digitallibrary', 'koleksipribadi', 'UserID', 'digitallibrary', 'user', 'UserID'),
('digitallibrary', 'peminjaman', 'BukuID', 'digitallibrary', 'buku', 'BukuID'),
('digitallibrary', 'peminjaman', 'UserID', 'digitallibrary', 'user', 'UserID'),
('digitallibrary', 'ulasanbuku', 'BukuID', 'digitallibrary', 'buku', 'BukuID'),
('digitallibrary', 'ulasanbuku', 'UserID', 'digitallibrary', 'user', 'UserID');

-- --------------------------------------------------------

--
-- Table structure for table `pma__savedsearches`
--

CREATE TABLE `pma__savedsearches` (
  `id` int(5) UNSIGNED NOT NULL,
  `username` varchar(64) NOT NULL DEFAULT '',
  `db_name` varchar(64) NOT NULL DEFAULT '',
  `search_name` varchar(64) NOT NULL DEFAULT '',
  `search_data` text NOT NULL
) ENGINE=InnoDB DEFAULT CHARSET=utf8 COLLATE=utf8_bin COMMENT='Saved searches';

-- --------------------------------------------------------

--
-- Table structure for table `pma__table_coords`
--

CREATE TABLE `pma__table_coords` (
  `db_name` varchar(64) NOT NULL DEFAULT '',
  `table_name` varchar(64) NOT NULL DEFAULT '',
  `pdf_page_number` int(11) NOT NULL DEFAULT 0,
  `x` float UNSIGNED NOT NULL DEFAULT 0,
  `y` float UNSIGNED NOT NULL DEFAULT 0
) ENGINE=InnoDB DEFAULT CHARSET=utf8 COLLATE=utf8_bin COMMENT='Table coordinates for phpMyAdmin PDF output';

--
-- Dumping data for table `pma__table_coords`
--

INSERT INTO `pma__table_coords` (`db_name`, `table_name`, `pdf_page_number`, `x`, `y`) VALUES
('digitallibrary', 'buku', 1, 777, 278),
('digitallibrary', 'kategoribuku', 1, 387, 364),
('digitallibrary', 'kategoribuku_relasi', 1, 60, 281),
('digitallibrary', 'koleksipribadi', 1, 432, 5),
('digitallibrary', 'peminjaman', 1, 94, 94),
('digitallibrary', 'ulasanbuku', 1, 746, 21),
('digitallibrary', 'user', 1, 426, 123);

-- --------------------------------------------------------

--
-- Table structure for table `pma__table_info`
--

CREATE TABLE `pma__table_info` (
  `db_name` varchar(64) NOT NULL DEFAULT '',
  `table_name` varchar(64) NOT NULL DEFAULT '',
  `display_field` varchar(64) NOT NULL DEFAULT ''
) ENGINE=InnoDB DEFAULT CHARSET=utf8 COLLATE=utf8_bin COMMENT='Table information for phpMyAdmin';

--
-- Dumping data for table `pma__table_info`
--

INSERT INTO `pma__table_info` (`db_name`, `table_name`, `display_field`) VALUES
('digitallibrary', 'peminjaman', 'StatusPeminjaman'),
('digitallibrary', 'ulasanbuku', 'Ulasan');

-- --------------------------------------------------------

--
-- Table structure for table `pma__table_uiprefs`
--

CREATE TABLE `pma__table_uiprefs` (
  `username` varchar(64) NOT NULL,
  `db_name` varchar(64) NOT NULL,
  `table_name` varchar(64) NOT NULL,
  `prefs` text NOT NULL,
  `last_update` timestamp NOT NULL DEFAULT current_timestamp() ON UPDATE current_timestamp()
) ENGINE=InnoDB DEFAULT CHARSET=utf8 COLLATE=utf8_bin COMMENT='Tables'' UI preferences';

-- --------------------------------------------------------

--
-- Table structure for table `pma__tracking`
--

CREATE TABLE `pma__tracking` (
  `db_name` varchar(64) NOT NULL,
  `table_name` varchar(64) NOT NULL,
  `version` int(10) UNSIGNED NOT NULL,
  `date_created` datetime NOT NULL,
  `date_updated` datetime NOT NULL,
  `schema_snapshot` text NOT NULL,
  `schema_sql` text DEFAULT NULL,
  `data_sql` longtext DEFAULT NULL,
  `tracking` set('UPDATE','REPLACE','INSERT','DELETE','TRUNCATE','CREATE DATABASE','ALTER DATABASE','DROP DATABASE','CREATE TABLE','ALTER TABLE','RENAME TABLE','DROP TABLE','CREATE INDEX','DROP INDEX','CREATE VIEW','ALTER VIEW','DROP VIEW') DEFAULT NULL,
  `tracking_active` int(1) UNSIGNED NOT NULL DEFAULT 1
) ENGINE=InnoDB DEFAULT CHARSET=utf8 COLLATE=utf8_bin COMMENT='Database changes tracking for phpMyAdmin';

-- --------------------------------------------------------

--
-- Table structure for table `pma__userconfig`
--

CREATE TABLE `pma__userconfig` (
  `username` varchar(64) NOT NULL,
  `timevalue` timestamp NOT NULL DEFAULT current_timestamp() ON UPDATE current_timestamp(),
  `config_data` text NOT NULL
) ENGINE=InnoDB DEFAULT CHARSET=utf8 COLLATE=utf8_bin COMMENT='User preferences storage for phpMyAdmin';

--
-- Dumping data for table `pma__userconfig`
--

INSERT INTO `pma__userconfig` (`username`, `timevalue`, `config_data`) VALUES
('fasha', '2024-02-26 09:30:39', '{\"Console\\/Mode\":\"collapse\"}');

-- --------------------------------------------------------

--
-- Table structure for table `pma__usergroups`
--

CREATE TABLE `pma__usergroups` (
  `usergroup` varchar(64) NOT NULL,
  `tab` varchar(64) NOT NULL,
  `allowed` enum('Y','N') NOT NULL DEFAULT 'N'
) ENGINE=InnoDB DEFAULT CHARSET=utf8 COLLATE=utf8_bin COMMENT='User groups with configured menu items';

-- --------------------------------------------------------

--
-- Table structure for table `pma__users`
--

CREATE TABLE `pma__users` (
  `username` varchar(64) NOT NULL,
  `usergroup` varchar(64) NOT NULL
) ENGINE=InnoDB DEFAULT CHARSET=utf8 COLLATE=utf8_bin COMMENT='Users and their assignments to user groups';

--
-- Indexes for dumped tables
--

--
-- Indexes for table `pma__bookmark`
--
ALTER TABLE `pma__bookmark`
  ADD PRIMARY KEY (`id`);

--
-- Indexes for table `pma__central_columns`
--
ALTER TABLE `pma__central_columns`
  ADD PRIMARY KEY (`db_name`,`col_name`);

--
-- Indexes for table `pma__column_info`
--
ALTER TABLE `pma__column_info`
  ADD PRIMARY KEY (`id`),
  ADD UNIQUE KEY `db_name` (`db_name`,`table_name`,`column_name`);

--
-- Indexes for table `pma__designer_settings`
--
ALTER TABLE `pma__designer_settings`
  ADD PRIMARY KEY (`username`);

--
-- Indexes for table `pma__export_templates`
--
ALTER TABLE `pma__export_templates`
  ADD PRIMARY KEY (`id`),
  ADD UNIQUE KEY `u_user_type_template` (`username`,`export_type`,`template_name`);

--
-- Indexes for table `pma__favorite`
--
ALTER TABLE `pma__favorite`
  ADD PRIMARY KEY (`username`);

--
-- Indexes for table `pma__history`
--
ALTER TABLE `pma__history`
  ADD PRIMARY KEY (`id`),
  ADD KEY `username` (`username`,`db`,`table`,`timevalue`);

--
-- Indexes for table `pma__navigationhiding`
--
ALTER TABLE `pma__navigationhiding`
  ADD PRIMARY KEY (`username`,`item_name`,`item_type`,`db_name`,`table_name`);

--
-- Indexes for table `pma__pdf_pages`
--
ALTER TABLE `pma__pdf_pages`
  ADD PRIMARY KEY (`page_nr`),
  ADD KEY `db_name` (`db_name`);

--
-- Indexes for table `pma__recent`
--
ALTER TABLE `pma__recent`
  ADD PRIMARY KEY (`username`);

--
-- Indexes for table `pma__relation`
--
ALTER TABLE `pma__relation`
  ADD PRIMARY KEY (`master_db`,`master_table`,`master_field`),
  ADD KEY `foreign_field` (`foreign_db`,`foreign_table`);

--
-- Indexes for table `pma__savedsearches`
--
ALTER TABLE `pma__savedsearches`
  ADD PRIMARY KEY (`id`),
  ADD UNIQUE KEY `u_savedsearches_username_dbname` (`username`,`db_name`,`search_name`);

--
-- Indexes for table `pma__table_coords`
--
ALTER TABLE `pma__table_coords`
  ADD PRIMARY KEY (`db_name`,`table_name`,`pdf_page_number`);

--
-- Indexes for table `pma__table_info`
--
ALTER TABLE `pma__table_info`
  ADD PRIMARY KEY (`db_name`,`table_name`);

--
-- Indexes for table `pma__table_uiprefs`
--
ALTER TABLE `pma__table_uiprefs`
  ADD PRIMARY KEY (`username`,`db_name`,`table_name`);

--
-- Indexes for table `pma__tracking`
--
ALTER TABLE `pma__tracking`
  ADD PRIMARY KEY (`db_name`,`table_name`,`version`);

--
-- Indexes for table `pma__userconfig`
--
ALTER TABLE `pma__userconfig`
  ADD PRIMARY KEY (`username`);

--
-- Indexes for table `pma__usergroups`
--
ALTER TABLE `pma__usergroups`
  ADD PRIMARY KEY (`usergroup`,`tab`,`allowed`);

--
-- Indexes for table `pma__users`
--
ALTER TABLE `pma__users`
  ADD PRIMARY KEY (`username`,`usergroup`);

--
-- AUTO_INCREMENT for dumped tables
--

--
-- AUTO_INCREMENT for table `pma__bookmark`
--
ALTER TABLE `pma__bookmark`
  MODIFY `id` int(10) UNSIGNED NOT NULL AUTO_INCREMENT;

--
-- AUTO_INCREMENT for table `pma__column_info`
--
ALTER TABLE `pma__column_info`
  MODIFY `id` int(5) UNSIGNED NOT NULL AUTO_INCREMENT;

--
-- AUTO_INCREMENT for table `pma__export_templates`
--
ALTER TABLE `pma__export_templates`
  MODIFY `id` int(5) UNSIGNED NOT NULL AUTO_INCREMENT;

--
-- AUTO_INCREMENT for table `pma__history`
--
ALTER TABLE `pma__history`
  MODIFY `id` bigint(20) UNSIGNED NOT NULL AUTO_INCREMENT;

--
-- AUTO_INCREMENT for table `pma__pdf_pages`
--
ALTER TABLE `pma__pdf_pages`
  MODIFY `page_nr` int(10) UNSIGNED NOT NULL AUTO_INCREMENT, AUTO_INCREMENT=2;

--
-- AUTO_INCREMENT for table `pma__savedsearches`
--
ALTER TABLE `pma__savedsearches`
  MODIFY `id` int(5) UNSIGNED NOT NULL AUTO_INCREMENT;
COMMIT;

/*!40101 SET CHARACTER_SET_CLIENT=@OLD_CHARACTER_SET_CLIENT */;
/*!40101 SET CHARACTER_SET_RESULTS=@OLD_CHARACTER_SET_RESULTS */;
/*!40101 SET COLLATION_CONNECTION=@OLD_COLLATION_CONNECTION */;
